<?xml version="1.0" encoding="UTF-8"?>
<office:document-content xmlns:office="urn:oasis:names:tc:opendocument:xmlns:office:1.0" xmlns:style="urn:oasis:names:tc:opendocument:xmlns:style:1.0" xmlns:text="urn:oasis:names:tc:opendocument:xmlns:text:1.0" xmlns:table="urn:oasis:names:tc:opendocument:xmlns:table:1.0" xmlns:draw="urn:oasis:names:tc:opendocument:xmlns:drawing:1.0" xmlns:fo="urn:oasis:names:tc:opendocument:xmlns:xsl-fo-compatible:1.0" xmlns:xlink="http://www.w3.org/1999/xlink" xmlns:dc="http://purl.org/dc/elements/1.1/" xmlns:meta="urn:oasis:names:tc:opendocument:xmlns:meta:1.0" xmlns:number="urn:oasis:names:tc:opendocument:xmlns:datastyle:1.0" xmlns:presentation="urn:oasis:names:tc:opendocument:xmlns:presentation:1.0" xmlns:svg="urn:oasis:names:tc:opendocument:xmlns:svg-compatible:1.0" xmlns:chart="urn:oasis:names:tc:opendocument:xmlns:chart:1.0" xmlns:dr3d="urn:oasis:names:tc:opendocument:xmlns:dr3d:1.0" xmlns:math="http://www.w3.org/1998/Math/MathML" xmlns:form="urn:oasis:names:tc:opendocument:xmlns:form:1.0" xmlns:script="urn:oasis:names:tc:opendocument:xmlns:script:1.0" xmlns:ooo="http://openoffice.org/2004/office" xmlns:ooow="http://openoffice.org/2004/writer" xmlns:oooc="http://openoffice.org/2004/calc" xmlns:dom="http://www.w3.org/2001/xml-events" xmlns:xforms="http://www.w3.org/2002/xforms" xmlns:xsd="http://www.w3.org/2001/XMLSchema" xmlns:xsi="http://www.w3.org/2001/XMLSchema-instance" xmlns:rpt="http://openoffice.org/2005/report" xmlns:of="urn:oasis:names:tc:opendocument:xmlns:of:1.2" xmlns:xhtml="http://www.w3.org/1999/xhtml" xmlns:grddl="http://www.w3.org/2003/g/data-view#" xmlns:tableooo="http://openoffice.org/2009/table" xmlns:field="urn:openoffice:names:experimental:ooo-ms-interop:xmlns:field:1.0" xmlns:formx="urn:openoffice:names:experimental:ooxml-odf-interop:xmlns:form:1.0" xmlns:css3t="http://www.w3.org/TR/css3-text/" office:version="1.2"><office:scripts/><office:font-face-decls><style:font-face style:name="Times New Roman1" svg:font-family="'Times New Roman'" style:font-family-generic="roman"/><style:font-face style:name="Times New Roman" svg:font-family="'Times New Roman'" style:font-family-generic="roman" style:font-pitch="variable"/><style:font-face style:name="Arial" svg:font-family="Arial" style:font-family-generic="swiss" style:font-pitch="variable"/><style:font-face style:name="DejaVu Sans" svg:font-family="'DejaVu Sans'" style:font-family-generic="system" style:font-pitch="variable"/><style:font-face style:name="Droid Sans Fallback" svg:font-family="'Droid Sans Fallback'" style:font-family-generic="system" style:font-pitch="variable"/><style:font-face style:name="Lohit Hindi" svg:font-family="'Lohit Hindi'" style:font-family-generic="system" style:font-pitch="variable"/></office:font-face-decls><office:automatic-styles><style:style style:name="co1" style:family="table-column"><style:table-column-properties fo:break-before="auto" style:column-width="2.258cm"/></style:style><style:style style:name="co2" style:family="table-column"><style:table-column-properties fo:break-before="auto" style:column-width="1.422cm"/></style:style><style:style style:name="co3" style:family="table-column"><style:table-column-properties fo:break-before="auto" style:column-width="2.623cm"/></style:style><style:style style:name="co4" style:family="table-column"><style:table-column-properties fo:break-before="auto" style:column-width="2.702cm"/></style:style><style:style style:name="co5" style:family="table-column"><style:table-column-properties fo:break-before="auto" style:column-width="0.76cm"/></style:style><style:style style:name="co6" style:family="table-column"><style:table-column-properties fo:break-before="auto" style:column-width="3.925cm"/></style:style><style:style style:name="ro1" style:family="table-row"><style:table-row-properties style:row-height="0.427cm" fo:break-before="auto" style:use-optimal-row-height="true"/></style:style><style:style style:name="ro2" style:family="table-row"><style:table-row-properties style:row-height="0.452cm" fo:break-before="auto" style:use-optimal-row-height="true"/></style:style><style:style style:name="ro3" style:family="table-row"><style:table-row-properties style:row-height="0.455cm" fo:break-before="auto" style:use-optimal-row-height="true"/></style:style><style:style style:name="ta1" style:family="table" style:master-page-name="Default"><style:table-properties table:display="true" style:writing-mode="lr-tb"/></style:style><style:style style:name="ce1" style:family="table-cell" style:parent-style-name="Default"><style:table-cell-properties style:text-align-source="fix" style:repeat-content="false" fo:wrap-option="wrap" fo:border="0.06pt solid #000000" style:vertical-align="middle"/><style:paragraph-properties fo:text-align="center"/><style:text-properties fo:color="#000000" style:text-outline="false" style:text-line-through-style="none" style:text-position="" style:font-name="Times New Roman" fo:font-size="8pt" fo:language="pt" fo:country="BR" fo:font-style="normal" fo:text-shadow="none" style:text-underline-style="none" fo:font-weight="normal" style:text-underline-mode="continuous" style:text-overline-mode="continuous" style:text-line-through-mode="continuous" style:font-size-asian="8pt" style:language-asian="zh" style:country-asian="CN" style:font-style-asian="normal" style:font-weight-asian="normal" style:font-size-complex="8pt" style:language-complex="hi" style:country-complex="IN" style:font-style-complex="normal" style:font-weight-complex="normal" style:text-emphasize="none" style:font-relief="none" style:text-overline-style="none" style:text-overline-color="font-color" fo:hyphenate="true"/></style:style><style:style style:name="ce2" style:family="table-cell" style:parent-style-name="Default"><style:table-cell-properties fo:background-color="#e6e6e6" style:text-align-source="fix" style:repeat-content="false" fo:wrap-option="wrap" fo:border="0.06pt solid #000000" style:vertical-align="middle"/><style:paragraph-properties fo:text-align="center"/><style:text-properties fo:color="#000000" style:text-outline="false" style:text-line-through-style="none" style:text-position="" style:font-name="Times New Roman" fo:font-size="8pt" fo:language="pt" fo:country="BR" fo:font-style="normal" fo:text-shadow="none" style:text-underline-style="none" fo:font-weight="normal" style:text-underline-mode="continuous" style:text-overline-mode="continuous" style:text-line-through-mode="continuous" style:font-size-asian="8pt" style:language-asian="zh" style:country-asian="CN" style:font-style-asian="normal" style:font-weight-asian="normal" style:font-size-complex="8pt" style:language-complex="hi" style:country-complex="IN" style:font-style-complex="normal" style:font-weight-complex="normal" style:text-emphasize="none" style:font-relief="none" style:text-overline-style="none" style:text-overline-color="font-color" fo:hyphenate="true"/></style:style><style:style style:name="ce3" style:family="table-cell" style:parent-style-name="Default"><style:table-cell-properties fo:border-bottom="none" fo:background-color="#b3b3b3" style:text-align-source="fix" style:repeat-content="false" fo:border-left="0.06pt solid #000000" fo:border-right="0.06pt solid #000000" fo:border-top="0.06pt solid #000000" style:vertical-align="middle"/><style:paragraph-properties fo:text-align="center"/><style:text-properties fo:color="#000000" style:font-name="Times New Roman1" fo:font-weight="bold" style:font-name-asian="Droid Sans Fallback" style:font-weight-asian="bold" style:font-name-complex="Times New Roman1" style:font-weight-complex="bold"/></style:style><style:style style:name="ce4" style:family="table-cell" style:parent-style-name="Default"><style:table-cell-properties fo:border-bottom="0.06pt solid #000000" fo:background-color="#b3b3b3" style:text-align-source="fix" style:repeat-content="false" fo:border-left="0.06pt solid #000000" fo:border-right="0.06pt solid #000000" fo:border-top="none" style:vertical-align="middle"/><style:paragraph-properties fo:text-align="center"/><style:text-properties fo:color="#000000" style:font-name="Times New Roman1" fo:font-weight="bold" style:font-weight-asian="bold" style:font-name-complex="Times New Roman1" style:font-weight-complex="bold"/></style:style><style:style style:name="ce5" style:family="table-cell" style:parent-style-name="Default"><style:table-cell-properties style:glyph-orientation-vertical="0" fo:background-color="#c0c0c0" style:diagonal-bl-tr="none" style:diagonal-tl-br="none" style:text-align-source="fix" style:repeat-content="false" fo:wrap-option="wrap" fo:border="0.06pt solid #000000" style:direction="ltr" fo:padding="0.071cm" style:rotation-angle="0" style:rotation-align="none" style:shrink-to-fit="false" style:vertical-align="middle" style:vertical-justify="auto"/><style:paragraph-properties fo:text-align="center" css3t:text-justify="auto" fo:margin-left="0cm" style:writing-mode="page"/><style:text-properties fo:color="#000000" style:text-outline="false" style:text-line-through-style="none" style:font-name="Times New Roman1" fo:font-size="9pt" fo:font-style="normal" fo:text-shadow="none" style:text-underline-style="none" fo:font-weight="bold" style:font-size-asian="9pt" style:font-style-asian="normal" style:font-weight-asian="bold" style:font-name-complex="Times New Roman1" style:font-size-complex="9pt" style:font-style-complex="normal" style:font-weight-complex="bold"/></style:style><style:style style:name="ce6" style:family="table-cell" style:parent-style-name="Default"><style:table-cell-properties fo:border-bottom="none" fo:background-color="#b3b3b3" fo:border-left="none" fo:border-right="none" fo:border-top="0.06pt solid #000000"/><style:text-properties fo:color="#000000"/></style:style><style:style style:name="ce7" style:family="table-cell" style:parent-style-name="Default"><style:table-cell-properties fo:border-bottom="0.06pt solid #000000" fo:background-color="#b3b3b3" fo:border-left="none" fo:border-right="none" fo:border-top="none"/><style:text-properties fo:color="#000000"/></style:style><style:style style:name="ce8" style:family="table-cell" style:parent-style-name="Default"><style:table-cell-properties fo:border-bottom="none" fo:background-color="#b3b3b3" fo:border-left="none" fo:border-right="0.06pt solid #000000" fo:border-top="0.06pt solid #000000"/><style:text-properties fo:color="#000000"/></style:style><style:style style:name="ce9" style:family="table-cell" style:parent-style-name="Default"><style:table-cell-properties fo:border-bottom="0.06pt solid #000000" fo:background-color="#b3b3b3" fo:border-left="none" fo:border-right="0.06pt solid #000000" fo:border-top="none"/><style:text-properties fo:color="#000000"/></style:style></office:automatic-styles><office:body><office:spreadsheet><table:table table:name="modelos" table:style-name="ta1"><table:table-column table:style-name="co1" table:default-cell-style-name="ce1"/><table:table-row table:style-name="ro1"><table:table-cell office:value-type="float" office:value="420954"><text:p>420954</text:p></table:table-cell></table:table-row><table:table-row table:style-name="ro1"><table:table-cell table:style-name="ce2" office:value-type="float" office:value="420954"><text:p>420954</text:p></table:table-cell></table:table-row></table:table><table:table table:name="amostra" table:style-name="ta1"><table:table-column table:style-name="co2" table:default-cell-style-name="ce3"/><table:table-column table:style-name="co3" table:default-cell-style-name="ce6"/><table:table-column table:style-name="co4" table:default-cell-style-name="ce6"/><table:table-column table:style-name="co1" table:number-columns-repeated="2" table:default-cell-style-name="ce6"/><table:table-column table:style-name="co5" table:number-columns-repeated="4" table:default-cell-style-name="ce6"/><table:table-column table:style-name="co6" table:default-cell-style-name="ce8"/><table:table-row table:style-name="ro1"><table:table-cell office:value-type="string" table:number-columns-spanned="10" table:number-rows-spanned="1"><text:p>PESQUISA REGIONAIS CELEPAR </text:p></table:table-cell><table:covered-table-cell table:number-columns-repeated="9"/></table:table-row><table:table-row table:style-name="ro1"><table:table-cell table:style-name="ce4" office:value-type="string" table:number-columns-spanned="10" table:number-rows-spanned="1"><text:p>PERIODO DE LIGAÇÕES: DE 23/04 ATÉ 26/04</text:p></table:table-cell><table:covered-table-cell table:number-columns-repeated="8" table:style-name="ce7"/><table:covered-table-cell table:style-name="ce9"/></table:table-row><table:table-row table:style-name="ro3"><table:table-cell table:style-name="ce5" office:value-type="string"><text:p>SOC</text:p></table:table-cell><table:table-cell table:style-name="ce5" office:value-type="string"><text:p>REGIONAL</text:p></table:table-cell><table:table-cell table:style-name="ce5" office:value-type="string"><text:p>CIDADE</text:p></table:table-cell><table:table-cell table:style-name="ce5" office:value-type="string"><text:p>TEL RESID</text:p></table:table-cell><table:table-cell table:style-name="ce5" office:value-type="string"><text:p>TEL. COM</text:p></table:table-cell><table:table-cell table:style-name="ce5" office:value-type="string" table:number-columns-spanned="4" table:number-rows-spanned="1"><text:p>STATUS</text:p></table:table-cell><table:covered-table-cell table:number-columns-repeated="3" table:style-name="ce5"/><table:table-cell table:style-name="ce5" office:value-type="string"><text:p>CONTATO</text:p></table:table-cell></table:table-row><table:table-row><table:table-cell table:style-name="ce1" table:default-cell-style-name="ce1"><text:p>463978</text:p></table:table-cell><table:table-cell table:style-name="ce1" table:default-cell-style-name="ce1"><text:p>DINUC</text:p></table:table-cell><table:table-cell table:style-name="ce1" table:default-cell-style-name="ce1"><text:p>Curitiba</text:p></table:table-cell><table:table-cell table:style-name="ce1" table:default-cell-style-name="ce1"><text:p> 41 3361 1352</text:p></table:table-cell><table:table-cell table:style-name="ce1" table:default-cell-style-name="ce1"><text:p> 41 3361 1389</text:p></table:table-cell><table:table-cell table:style-name="ce1" table:default-cell-style-name="ce1"><text:p></text:p></table:table-cell><table:table-cell table:style-name="ce1" table:default-cell-style-name="ce1"><text:p></text:p></table:table-cell><table:table-cell table:style-name="ce1" table:default-cell-style-name="ce1"><text:p></text:p></table:table-cell><table:table-cell table:style-name="ce1" table:default-cell-style-name="ce1"><text:p></text:p></table:table-cell><table:table-cell table:style-name="ce1" table:default-cell-style-name="ce1"><text:p>Marileia Kneipp Zarnott Amaral</text:p></table:table-cell></table:table-row><table:table-row><table:table-cell table:style-name="ce2" table:default-cell-style-name="ce2"><text:p>463875</text:p></table:table-cell><table:table-cell table:style-name="ce2" table:default-cell-style-name="ce2"><text:p>DINUC</text:p></table:table-cell><table:table-cell table:style-name="ce2" table:default-cell-style-name="ce2"><text:p>Curitiba</text:p></table:table-cell><table:table-cell table:style-name="ce2" table:default-cell-style-name="ce2"><text:p> 41 9186 2323</text:p></table:table-cell><table:table-cell table:style-name="ce2" table:default-cell-style-name="ce2"><text:p> 41 3250 2245</text:p></table:table-cell><table:table-cell table:style-name="ce2" table:default-cell-style-name="ce2"><text:p></text:p></table:table-cell><table:table-cell table:style-name="ce2" table:default-cell-style-name="ce2"><text:p></text:p></table:table-cell><table:table-cell table:style-name="ce2" table:default-cell-style-name="ce2"><text:p></text:p></table:table-cell><table:table-cell table:style-name="ce2" table:default-cell-style-name="ce2"><text:p></text:p></table:table-cell><table:table-cell table:style-name="ce2" table:default-cell-style-name="ce2"><text:p>Aristeu Sergio Rozanski</text:p></table:table-cell></table:table-row><table:table-row><table:table-cell table:style-name="ce1" table:default-cell-style-name="ce1"><text:p>463873</text:p></table:table-cell><table:table-cell table:style-name="ce1" table:default-cell-style-name="ce1"><text:p>DINUC</text:p></table:table-cell><table:table-cell table:style-name="ce1" table:default-cell-style-name="ce1"><text:p>Colombo</text:p></table:table-cell><table:table-cell table:style-name="ce1" table:default-cell-style-name="ce1"><text:p> 41 3361 1352</text:p></table:table-cell><table:table-cell table:style-name="ce1" table:default-cell-style-name="ce1"><text:p> 41 3361 1389</text:p></table:table-cell><table:table-cell table:style-name="ce1" table:default-cell-style-name="ce1"><text:p></text:p></table:table-cell><table:table-cell table:style-name="ce1" table:default-cell-style-name="ce1"><text:p></text:p></table:table-cell><table:table-cell table:style-name="ce1" table:default-cell-style-name="ce1"><text:p></text:p></table:table-cell><table:table-cell table:style-name="ce1" table:default-cell-style-name="ce1"><text:p></text:p></table:table-cell><table:table-cell table:style-name="ce1" table:default-cell-style-name="ce1"><text:p>Marileia Kneipp Zarnott Amaral</text:p></table:table-cell></table:table-row><table:table-row><table:table-cell table:style-name="ce2" table:default-cell-style-name="ce2"><text:p>463671</text:p></table:table-cell><table:table-cell table:style-name="ce2" table:default-cell-style-name="ce2"><text:p>DINUC</text:p></table:table-cell><table:table-cell table:style-name="ce2" table:default-cell-style-name="ce2"><text:p>Fazenda Rio Grande</text:p></table:table-cell><table:table-cell table:style-name="ce2" table:default-cell-style-name="ce2"><text:p> 41 3608 7500</text:p></table:table-cell><table:table-cell table:style-name="ce2" table:default-cell-style-name="ce2"><text:p> 41 3200 6396</text:p></table:table-cell><table:table-cell table:style-name="ce2" table:default-cell-style-name="ce2"><text:p></text:p></table:table-cell><table:table-cell table:style-name="ce2" table:default-cell-style-name="ce2"><text:p></text:p></table:table-cell><table:table-cell table:style-name="ce2" table:default-cell-style-name="ce2"><text:p></text:p></table:table-cell><table:table-cell table:style-name="ce2" table:default-cell-style-name="ce2"><text:p></text:p></table:table-cell><table:table-cell table:style-name="ce2" table:default-cell-style-name="ce2"><text:p>CENSE Fazenda Rio Grande</text:p></table:table-cell></table:table-row><table:table-row><table:table-cell table:style-name="ce1" table:default-cell-style-name="ce1"><text:p>463594</text:p></table:table-cell><table:table-cell table:style-name="ce1" table:default-cell-style-name="ce1"><text:p>DINUC</text:p></table:table-cell><table:table-cell table:style-name="ce1" table:default-cell-style-name="ce1"><text:p>Curitiba</text:p></table:table-cell><table:table-cell table:style-name="ce1" table:default-cell-style-name="ce1"><text:p> 41 3266 3161</text:p></table:table-cell><table:table-cell table:style-name="ce1" table:default-cell-style-name="ce1"><text:p> 41 3200 6396</text:p></table:table-cell><table:table-cell table:style-name="ce1" table:default-cell-style-name="ce1"><text:p></text:p></table:table-cell><table:table-cell table:style-name="ce1" table:default-cell-style-name="ce1"><text:p></text:p></table:table-cell><table:table-cell table:style-name="ce1" table:default-cell-style-name="ce1"><text:p></text:p></table:table-cell><table:table-cell table:style-name="ce1" table:default-cell-style-name="ce1"><text:p></text:p></table:table-cell><table:table-cell table:style-name="ce1" table:default-cell-style-name="ce1"><text:p>Paulo Roberto de Mattos</text:p></table:table-cell></table:table-row><table:table-row><table:table-cell table:style-name="ce2" table:default-cell-style-name="ce2"><text:p>463356</text:p></table:table-cell><table:table-cell table:style-name="ce2" table:default-cell-style-name="ce2"><text:p>DINUC</text:p></table:table-cell><table:table-cell table:style-name="ce2" table:default-cell-style-name="ce2"><text:p>Campo do Tenente</text:p></table:table-cell><table:table-cell table:style-name="ce2" table:default-cell-style-name="ce2"><text:p> 41 3628 1911</text:p></table:table-cell><table:table-cell table:style-name="ce2" table:default-cell-style-name="ce2"><text:p> 41 3250 2245</text:p></table:table-cell><table:table-cell table:style-name="ce2" table:default-cell-style-name="ce2"><text:p></text:p></table:table-cell><table:table-cell table:style-name="ce2" table:default-cell-style-name="ce2"><text:p></text:p></table:table-cell><table:table-cell table:style-name="ce2" table:default-cell-style-name="ce2"><text:p></text:p></table:table-cell><table:table-cell table:style-name="ce2" table:default-cell-style-name="ce2"><text:p></text:p></table:table-cell><table:table-cell table:style-name="ce2" table:default-cell-style-name="ce2"><text:p>Escritorio Local Emater de Campo do Tenente</text:p></table:table-cell></table:table-row><table:table-row><table:table-cell table:style-name="ce1" table:default-cell-style-name="ce1"><text:p>460880</text:p></table:table-cell><table:table-cell table:style-name="ce1" table:default-cell-style-name="ce1"><text:p>DINUC</text:p></table:table-cell><table:table-cell table:style-name="ce1" table:default-cell-style-name="ce1"><text:p>Londrina</text:p></table:table-cell><table:table-cell table:style-name="ce1" table:default-cell-style-name="ce1"><text:p> 43 3223 8143</text:p></table:table-cell><table:table-cell table:style-name="ce1" table:default-cell-style-name="ce1"><text:p> 41 3200 6205</text:p></table:table-cell><table:table-cell table:style-name="ce1" table:default-cell-style-name="ce1"><text:p></text:p></table:table-cell><table:table-cell table:style-name="ce1" table:default-cell-style-name="ce1"><text:p></text:p></table:table-cell><table:table-cell table:style-name="ce1" table:default-cell-style-name="ce1"><text:p></text:p></table:table-cell><table:table-cell table:style-name="ce1" table:default-cell-style-name="ce1"><text:p></text:p></table:table-cell><table:table-cell table:style-name="ce1" table:default-cell-style-name="ce1"><text:p>Carlos Alberto Gomes dos Santos</text:p></table:table-cell></table:table-row><table:table-row><table:table-cell table:style-name="ce2" table:default-cell-style-name="ce2"><text:p>462646</text:p></table:table-cell><table:table-cell table:style-name="ce2" table:default-cell-style-name="ce2"><text:p>NR CASCAVEL</text:p></table:table-cell><table:table-cell table:style-name="ce2" table:default-cell-style-name="ce2"><text:p>Cascavel</text:p></table:table-cell><table:table-cell table:style-name="ce2" table:default-cell-style-name="ce2"><text:p> 45 3227 1728</text:p></table:table-cell><table:table-cell table:style-name="ce2" table:default-cell-style-name="ce2"><text:p> 41 3200 6396</text:p></table:table-cell><table:table-cell table:style-name="ce2" table:default-cell-style-name="ce2"><text:p></text:p></table:table-cell><table:table-cell table:style-name="ce2" table:default-cell-style-name="ce2"><text:p></text:p></table:table-cell><table:table-cell table:style-name="ce2" table:default-cell-style-name="ce2"><text:p></text:p></table:table-cell><table:table-cell table:style-name="ce2" table:default-cell-style-name="ce2"><text:p></text:p></table:table-cell><table:table-cell table:style-name="ce2" table:default-cell-style-name="ce2"><text:p>Iracema Alano</text:p></table:table-cell></table:table-row><table:table-row><table:table-cell table:style-name="ce1" table:default-cell-style-name="ce1"><text:p>463463</text:p></table:table-cell><table:table-cell table:style-name="ce1" table:default-cell-style-name="ce1"><text:p>NR GUARAPUAVA</text:p></table:table-cell><table:table-cell table:style-name="ce1" table:default-cell-style-name="ce1"><text:p>Guarapuava</text:p></table:table-cell><table:table-cell table:style-name="ce1" table:default-cell-style-name="ce1"><text:p> 42 3621 9300</text:p></table:table-cell><table:table-cell table:style-name="ce1" table:default-cell-style-name="ce1"><text:p> 41 3250 2245</text:p></table:table-cell><table:table-cell table:style-name="ce1" table:default-cell-style-name="ce1"><text:p></text:p></table:table-cell><table:table-cell table:style-name="ce1" table:default-cell-style-name="ce1"><text:p></text:p></table:table-cell><table:table-cell table:style-name="ce1" table:default-cell-style-name="ce1"><text:p></text:p></table:table-cell><table:table-cell table:style-name="ce1" table:default-cell-style-name="ce1"><text:p></text:p></table:table-cell><table:table-cell table:style-name="ce1" table:default-cell-style-name="ce1"><text:p>Escritorio Local Emater de Guarapuava</text:p></table:table-cell></table:table-row><table:table-row><table:table-cell table:style-name="ce2" table:default-cell-style-name="ce2"><text:p>462153</text:p></table:table-cell><table:table-cell table:style-name="ce2" table:default-cell-style-name="ce2"><text:p>NR GUARAPUAVA</text:p></table:table-cell><table:table-cell table:style-name="ce2" table:default-cell-style-name="ce2"><text:p>Manoel Ribas</text:p></table:table-cell><table:table-cell table:style-name="ce2" table:default-cell-style-name="ce2"><text:p> 43 3435 1116</text:p></table:table-cell><table:table-cell table:style-name="ce2" table:default-cell-style-name="ce2"><text:p> 41 3250 2245</text:p></table:table-cell><table:table-cell table:style-name="ce2" table:default-cell-style-name="ce2"><text:p></text:p></table:table-cell><table:table-cell table:style-name="ce2" table:default-cell-style-name="ce2"><text:p></text:p></table:table-cell><table:table-cell table:style-name="ce2" table:default-cell-style-name="ce2"><text:p></text:p></table:table-cell><table:table-cell table:style-name="ce2" table:default-cell-style-name="ce2"><text:p></text:p></table:table-cell><table:table-cell table:style-name="ce2" table:default-cell-style-name="ce2"><text:p>Escritorio Local Emater de Manoel Ribas</text:p></table:table-cell></table:table-row><table:table-row><table:table-cell table:style-name="ce1" table:default-cell-style-name="ce1"><text:p>463767</text:p></table:table-cell><table:table-cell table:style-name="ce1" table:default-cell-style-name="ce1"><text:p>NR JACAREZINHO</text:p></table:table-cell><table:table-cell table:style-name="ce1" table:default-cell-style-name="ce1"><text:p>Jacarezinho</text:p></table:table-cell><table:table-cell table:style-name="ce1" table:default-cell-style-name="ce1"><text:p> 43 3525 2756</text:p></table:table-cell><table:table-cell table:style-name="ce1" table:default-cell-style-name="ce1"><text:p> 41 3200 6396</text:p></table:table-cell><table:table-cell table:style-name="ce1" table:default-cell-style-name="ce1"><text:p></text:p></table:table-cell><table:table-cell table:style-name="ce1" table:default-cell-style-name="ce1"><text:p></text:p></table:table-cell><table:table-cell table:style-name="ce1" table:default-cell-style-name="ce1"><text:p></text:p></table:table-cell><table:table-cell table:style-name="ce1" table:default-cell-style-name="ce1"><text:p></text:p></table:table-cell><table:table-cell table:style-name="ce1" table:default-cell-style-name="ce1"><text:p>Tania Tunes de Souza</text:p></table:table-cell></table:table-row><table:table-row><table:table-cell table:style-name="ce2" table:default-cell-style-name="ce2"><text:p>463634</text:p></table:table-cell><table:table-cell table:style-name="ce2" table:default-cell-style-name="ce2"><text:p>NR JACAREZINHO</text:p></table:table-cell><table:table-cell table:style-name="ce2" table:default-cell-style-name="ce2"><text:p>Jacarezinho</text:p></table:table-cell><table:table-cell table:style-name="ce2" table:default-cell-style-name="ce2"><text:p> 43 3323 8143</text:p></table:table-cell><table:table-cell table:style-name="ce2" table:default-cell-style-name="ce2"><text:p> 41 3200 6205</text:p></table:table-cell><table:table-cell table:style-name="ce2" table:default-cell-style-name="ce2"><text:p></text:p></table:table-cell><table:table-cell table:style-name="ce2" table:default-cell-style-name="ce2"><text:p></text:p></table:table-cell><table:table-cell table:style-name="ce2" table:default-cell-style-name="ce2"><text:p></text:p></table:table-cell><table:table-cell table:style-name="ce2" table:default-cell-style-name="ce2"><text:p></text:p></table:table-cell><table:table-cell table:style-name="ce2" table:default-cell-style-name="ce2"><text:p>Irene Amalia Massaro Dos Santos</text:p></table:table-cell></table:table-row><table:table-row><table:table-cell table:style-name="ce1" table:default-cell-style-name="ce1"><text:p>462179</text:p></table:table-cell><table:table-cell table:style-name="ce1" table:default-cell-style-name="ce1"><text:p>NR LONDRINA</text:p></table:table-cell><table:table-cell table:style-name="ce1" table:default-cell-style-name="ce1"><text:p>Faxinal</text:p></table:table-cell><table:table-cell table:style-name="ce1" table:default-cell-style-name="ce1"><text:p> 43 3461 1877</text:p></table:table-cell><table:table-cell table:style-name="ce1" table:default-cell-style-name="ce1"><text:p> 41 3250 2245</text:p></table:table-cell><table:table-cell table:style-name="ce1" table:default-cell-style-name="ce1"><text:p></text:p></table:table-cell><table:table-cell table:style-name="ce1" table:default-cell-style-name="ce1"><text:p></text:p></table:table-cell><table:table-cell table:style-name="ce1" table:default-cell-style-name="ce1"><text:p></text:p></table:table-cell><table:table-cell table:style-name="ce1" table:default-cell-style-name="ce1"><text:p></text:p></table:table-cell><table:table-cell table:style-name="ce1" table:default-cell-style-name="ce1"><text:p>Escritorio Local Emater de Faxinal</text:p></table:table-cell></table:table-row><table:table-row><table:table-cell table:style-name="ce2" table:default-cell-style-name="ce2"><text:p>459232</text:p></table:table-cell><table:table-cell table:style-name="ce2" table:default-cell-style-name="ce2"><text:p>NR LONDRINA</text:p></table:table-cell><table:table-cell table:style-name="ce2" table:default-cell-style-name="ce2"><text:p>Faxinal</text:p></table:table-cell><table:table-cell table:style-name="ce2" table:default-cell-style-name="ce2"><text:p> 43 3461 1877</text:p></table:table-cell><table:table-cell table:style-name="ce2" table:default-cell-style-name="ce2"><text:p> 41 3250 2245</text:p></table:table-cell><table:table-cell table:style-name="ce2" table:default-cell-style-name="ce2"><text:p></text:p></table:table-cell><table:table-cell table:style-name="ce2" table:default-cell-style-name="ce2"><text:p></text:p></table:table-cell><table:table-cell table:style-name="ce2" table:default-cell-style-name="ce2"><text:p></text:p></table:table-cell><table:table-cell table:style-name="ce2" table:default-cell-style-name="ce2"><text:p></text:p></table:table-cell><table:table-cell table:style-name="ce2" table:default-cell-style-name="ce2"><text:p>Escritorio Local Emater de Faxinal</text:p></table:table-cell></table:table-row><table:table-row><table:table-cell table:style-name="ce1" table:default-cell-style-name="ce1"><text:p>463863</text:p></table:table-cell><table:table-cell table:style-name="ce1" table:default-cell-style-name="ce1"><text:p>NR MARINGA</text:p></table:table-cell><table:table-cell table:style-name="ce1" table:default-cell-style-name="ce1"><text:p>Maring </text:p></table:table-cell><table:table-cell table:style-name="ce1" table:default-cell-style-name="ce1"><text:p> 44 3221 3808</text:p></table:table-cell><table:table-cell table:style-name="ce1" table:default-cell-style-name="ce1"><text:p> 44 3221 3895</text:p></table:table-cell><table:table-cell table:style-name="ce1" table:default-cell-style-name="ce1"><text:p></text:p></table:table-cell><table:table-cell table:style-name="ce1" table:default-cell-style-name="ce1"><text:p></text:p></table:table-cell><table:table-cell table:style-name="ce1" table:default-cell-style-name="ce1"><text:p></text:p></table:table-cell><table:table-cell table:style-name="ce1" table:default-cell-style-name="ce1"><text:p></text:p></table:table-cell><table:table-cell table:style-name="ce1" table:default-cell-style-name="ce1"><text:p>Sergio Roberto de Araujo</text:p></table:table-cell></table:table-row><table:table-row><table:table-cell table:style-name="ce2" table:default-cell-style-name="ce2"><text:p>463599</text:p></table:table-cell><table:table-cell table:style-name="ce2" table:default-cell-style-name="ce2"><text:p>NR MARINGA</text:p></table:table-cell><table:table-cell table:style-name="ce2" table:default-cell-style-name="ce2"><text:p>Itamb </text:p></table:table-cell><table:table-cell table:style-name="ce2" table:default-cell-style-name="ce2"><text:p> 44 3231 1232</text:p></table:table-cell><table:table-cell table:style-name="ce2" table:default-cell-style-name="ce2"><text:p> 41 3250 2245</text:p></table:table-cell><table:table-cell table:style-name="ce2" table:default-cell-style-name="ce2"><text:p></text:p></table:table-cell><table:table-cell table:style-name="ce2" table:default-cell-style-name="ce2"><text:p></text:p></table:table-cell><table:table-cell table:style-name="ce2" table:default-cell-style-name="ce2"><text:p></text:p></table:table-cell><table:table-cell table:style-name="ce2" table:default-cell-style-name="ce2"><text:p></text:p></table:table-cell><table:table-cell table:style-name="ce2" table:default-cell-style-name="ce2"><text:p>Escritorio Local Emater de Itambe</text:p></table:table-cell></table:table-row><table:table-row><table:table-cell table:style-name="ce1" table:default-cell-style-name="ce1"><text:p>463094</text:p></table:table-cell><table:table-cell table:style-name="ce1" table:default-cell-style-name="ce1"><text:p>NR MARINGA</text:p></table:table-cell><table:table-cell table:style-name="ce1" table:default-cell-style-name="ce1"><text:p>Maring </text:p></table:table-cell><table:table-cell table:style-name="ce1" table:default-cell-style-name="ce1"><text:p> 44 3262 0057</text:p></table:table-cell><table:table-cell table:style-name="ce1" table:default-cell-style-name="ce1"><text:p> 41 3200 6396</text:p></table:table-cell><table:table-cell table:style-name="ce1" table:default-cell-style-name="ce1"><text:p></text:p></table:table-cell><table:table-cell table:style-name="ce1" table:default-cell-style-name="ce1"><text:p></text:p></table:table-cell><table:table-cell table:style-name="ce1" table:default-cell-style-name="ce1"><text:p></text:p></table:table-cell><table:table-cell table:style-name="ce1" table:default-cell-style-name="ce1"><text:p></text:p></table:table-cell><table:table-cell table:style-name="ce1" table:default-cell-style-name="ce1"><text:p>Escritorio Regional de Maringa</text:p></table:table-cell></table:table-row><table:table-row><table:table-cell table:style-name="ce2" table:default-cell-style-name="ce2"><text:p>461447</text:p></table:table-cell><table:table-cell table:style-name="ce2" table:default-cell-style-name="ce2"><text:p>NR PARANAGU </text:p></table:table-cell><table:table-cell table:style-name="ce2" table:default-cell-style-name="ce2"><text:p>Pontal do Paran </text:p></table:table-cell><table:table-cell table:style-name="ce2" table:default-cell-style-name="ce2"><text:p> 41 3457 1546</text:p></table:table-cell><table:table-cell table:style-name="ce2" table:default-cell-style-name="ce2"><text:p> 41 3457 1546</text:p></table:table-cell><table:table-cell table:style-name="ce2" table:default-cell-style-name="ce2"><text:p></text:p></table:table-cell><table:table-cell table:style-name="ce2" table:default-cell-style-name="ce2"><text:p></text:p></table:table-cell><table:table-cell table:style-name="ce2" table:default-cell-style-name="ce2"><text:p></text:p></table:table-cell><table:table-cell table:style-name="ce2" table:default-cell-style-name="ce2"><text:p></text:p></table:table-cell><table:table-cell table:style-name="ce2" table:default-cell-style-name="ce2"><text:p>Lucas</text:p></table:table-cell></table:table-row><table:table-row><table:table-cell table:style-name="ce1" table:default-cell-style-name="ce1"><text:p>461073</text:p></table:table-cell><table:table-cell table:style-name="ce1" table:default-cell-style-name="ce1"><text:p>NR PARANAGU </text:p></table:table-cell><table:table-cell table:style-name="ce1" table:default-cell-style-name="ce1"><text:p>Matinhos</text:p></table:table-cell><table:table-cell table:style-name="ce1" table:default-cell-style-name="ce1"><text:p> 41 3473 4908</text:p></table:table-cell><table:table-cell table:style-name="ce1" table:default-cell-style-name="ce1"><text:p> 41 3250 2245</text:p></table:table-cell><table:table-cell table:style-name="ce1" table:default-cell-style-name="ce1"><text:p></text:p></table:table-cell><table:table-cell table:style-name="ce1" table:default-cell-style-name="ce1"><text:p></text:p></table:table-cell><table:table-cell table:style-name="ce1" table:default-cell-style-name="ce1"><text:p></text:p></table:table-cell><table:table-cell table:style-name="ce1" table:default-cell-style-name="ce1"><text:p></text:p></table:table-cell><table:table-cell table:style-name="ce1" table:default-cell-style-name="ce1"><text:p>Escritorio Local Emater de Matinhos</text:p></table:table-cell></table:table-row><table:table-row><table:table-cell table:style-name="ce2" table:default-cell-style-name="ce2"><text:p>460624</text:p></table:table-cell><table:table-cell table:style-name="ce2" table:default-cell-style-name="ce2"><text:p>NR PARANAGU </text:p></table:table-cell><table:table-cell table:style-name="ce2" table:default-cell-style-name="ce2"><text:p>Matinhos</text:p></table:table-cell><table:table-cell table:style-name="ce2" table:default-cell-style-name="ce2"><text:p> 41 3473 4908</text:p></table:table-cell><table:table-cell table:style-name="ce2" table:default-cell-style-name="ce2"><text:p> 41 3250 2245</text:p></table:table-cell><table:table-cell table:style-name="ce2" table:default-cell-style-name="ce2"><text:p></text:p></table:table-cell><table:table-cell table:style-name="ce2" table:default-cell-style-name="ce2"><text:p></text:p></table:table-cell><table:table-cell table:style-name="ce2" table:default-cell-style-name="ce2"><text:p></text:p></table:table-cell><table:table-cell table:style-name="ce2" table:default-cell-style-name="ce2"><text:p></text:p></table:table-cell><table:table-cell table:style-name="ce2" table:default-cell-style-name="ce2"><text:p>Escritorio Local Emater de Matinhos</text:p></table:table-cell></table:table-row><table:table-row><table:table-cell table:style-name="ce1" table:default-cell-style-name="ce1"><text:p>462221</text:p></table:table-cell><table:table-cell table:style-name="ce1" table:default-cell-style-name="ce1"><text:p>NR PONTA GROSSA</text:p></table:table-cell><table:table-cell table:style-name="ce1" table:default-cell-style-name="ce1"><text:p>Ipiranga</text:p></table:table-cell><table:table-cell table:style-name="ce1" table:default-cell-style-name="ce1"><text:p> 44 3242 1282</text:p></table:table-cell><table:table-cell table:style-name="ce1" table:default-cell-style-name="ce1"><text:p> 42 3242 1282</text:p></table:table-cell><table:table-cell table:style-name="ce1" table:default-cell-style-name="ce1"><text:p></text:p></table:table-cell><table:table-cell table:style-name="ce1" table:default-cell-style-name="ce1"><text:p></text:p></table:table-cell><table:table-cell table:style-name="ce1" table:default-cell-style-name="ce1"><text:p></text:p></table:table-cell><table:table-cell table:style-name="ce1" table:default-cell-style-name="ce1"><text:p></text:p></table:table-cell><table:table-cell table:style-name="ce1" table:default-cell-style-name="ce1"><text:p>Denise Canteri</text:p></table:table-cell></table:table-row><table:table-row><table:table-cell table:style-name="ce2" table:default-cell-style-name="ce2"><text:p>455329</text:p></table:table-cell><table:table-cell table:style-name="ce2" table:default-cell-style-name="ce2"><text:p>NR PONTA GROSSA</text:p></table:table-cell><table:table-cell table:style-name="ce2" table:default-cell-style-name="ce2"><text:p>Reserva</text:p></table:table-cell><table:table-cell table:style-name="ce2" table:default-cell-style-name="ce2"><text:p> 42 3276 8100</text:p></table:table-cell><table:table-cell table:style-name="ce2" table:default-cell-style-name="ce2"><text:p> 41 3250 2245</text:p></table:table-cell><table:table-cell table:style-name="ce2" table:default-cell-style-name="ce2"><text:p></text:p></table:table-cell><table:table-cell table:style-name="ce2" table:default-cell-style-name="ce2"><text:p></text:p></table:table-cell><table:table-cell table:style-name="ce2" table:default-cell-style-name="ce2"><text:p></text:p></table:table-cell><table:table-cell table:style-name="ce2" table:default-cell-style-name="ce2"><text:p></text:p></table:table-cell><table:table-cell table:style-name="ce2" table:default-cell-style-name="ce2"><text:p>Escritorio Local Emater de Reserva</text:p></table:table-cell></table:table-row><table:table-row><table:table-cell table:style-name="ce1" table:default-cell-style-name="ce1"><text:p>454442</text:p></table:table-cell><table:table-cell table:style-name="ce1" table:default-cell-style-name="ce1"><text:p>NR PONTA GROSSA</text:p></table:table-cell><table:table-cell table:style-name="ce1" table:default-cell-style-name="ce1"><text:p>Ipiranga</text:p></table:table-cell><table:table-cell table:style-name="ce1" table:default-cell-style-name="ce1"><text:p> 42 3242 8000</text:p></table:table-cell><table:table-cell table:style-name="ce1" table:default-cell-style-name="ce1"><text:p> 41 3250 2245</text:p></table:table-cell><table:table-cell table:style-name="ce1" table:default-cell-style-name="ce1"><text:p></text:p></table:table-cell><table:table-cell table:style-name="ce1" table:default-cell-style-name="ce1"><text:p></text:p></table:table-cell><table:table-cell table:style-name="ce1" table:default-cell-style-name="ce1"><text:p></text:p></table:table-cell><table:table-cell table:style-name="ce1" table:default-cell-style-name="ce1"><text:p></text:p></table:table-cell><table:table-cell table:style-name="ce1" table:default-cell-style-name="ce1"><text:p>Escritorio Local Emater de Ipiranga</text:p></table:table-cell></table:table-row></table:table><table:table table:name="Planilha3" table:style-name="ta1"><table:table-column table:style-name="co1" table:default-cell-style-name="Default"/><table:table-row table:style-name="ro2"><table:table-cell/></table:table-row></table:table><table:named-expressions/></office:spreadsheet></office:body></office:document-content>
