<?xml version="1.0" encoding="UTF-8"?>
<office:document-meta xmlns:office="urn:oasis:names:tc:opendocument:xmlns:office:1.0" xmlns:xlink="http://www.w3.org/1999/xlink" xmlns:dc="http://purl.org/dc/elements/1.1/" xmlns:meta="urn:oasis:names:tc:opendocument:xmlns:meta:1.0" xmlns:ooo="http://openoffice.org/2004/office" xmlns:grddl="http://www.w3.org/2003/g/data-view#" office:version="1.2"><office:meta><meta:initial-creator>coffe </meta:initial-creator><meta:creation-date>2013-08-13T20:49:43</meta:creation-date><dc:date>2013-10-19T11:20:23</dc:date><dc:creator>coffe </dc:creator><meta:editing-duration>PT1M40S</meta:editing-duration><meta:editing-cycles>11</meta:editing-cycles><meta:generator>LibreOffice/3.5$Linux_X86_64 LibreOffice_project/350m1$Build-2</meta:generator><meta:document-statistic meta:table-count="3" meta:cell-count="11" meta:object-count="0"/></office:meta></office:document-meta>